"2010년 4월1일 기준(특광역시 및 도 읍면동수)",,,,,,,,,,,"2010년 1월1일 기준(특광역시 및 도 읍면동수)",,,,,,,,,,,"2009년 10월1일 기준(특광역시 및 도 읍면동수)",,,,,,,,,,,"2009년 7월1일 기준(특광역시 및 도 읍면동수)",,,,,,,,,,,"2009년 4월1일 기준(특광역시 및 도 읍면동수)",,,,,,,,"2009년 1월1일 기준(특광역시 및 도 읍면동수)",,,,,,,,"2008년10월 1일 기준(특광역시 및 도 읍면동수)",,,,,,,,"2008년 7월 1일 기준(특광역시 및 도 읍면동수)",,,,,,,,"2008년 4월 1일 기준(특광역시 및 도 읍면동수)",,,,,,,,"2008년 1월 1일 기준(특광역시 및 도 읍면동수)",,,,,,,,"2007년 10월 1일 기준(특광역시 및 도 읍면동수)",,,,,,,,"2007년7월 1일 기준(특광역시 및 도 읍면동수)",,,,,,,,"2007년4월 1일 기준(특광역시 및 도 읍면동수)",,,,,,,,"2007년1월 1일 기준(특광역시 및 도 읍면동수)",,,,,,,,"2006년10월 1일 기준(특광역시 및 도 읍면동수)",,,,,,,,"2006년 7월 1일 기준(특광역시 및 도 읍면동수)",,,,,,,,"2006년 4월 1일 기준(특광역시 및 도 읍면동수)",,,,,,,,"2006년 1월 1일 기준(특광역시 및 도 읍면동수)",,,,,,,,"2005년 10월 1일 기준(특광역시 및 도 읍면동수)",,,,,,,,"2005년 7월 1일 기준(특광역시 및 도 읍면동수)",,,,,,,,"2005년 4월 1일 기준(특광역시 및 도 읍면동수)",,,,,,,,"2005년 1월 1일 기준(특광역시 및 도 읍면동수)",,,,,,,,"2004년 10월  1일 기준(특광역시 및 도 읍면동수)",,,,,,,,"2004년 7월  1일 기준(특광역시 및 도 읍면동수)",,,,,,,,"2004년 4월  1일 기준(특광역시 및 도 읍면동수)",,,,,,,,"2004년 1월  1일 기준(특광역시 및 도 읍면동수)",,,,,,,,"2003년 10월  1일 기준(특광역시 및 도 읍면동수)",,,,,,,,"2003년 7월  1일 기준(특광역시 및 도 읍면동수)",,,,,,,,"2003년 4월  1일 기준(특광역시 및 도 읍면동수)",,,,,,,,"2003년 1월 1일 기준(특광역시 및 도 읍면동수)",,,,,,,
" 서울시 ","동"," 424 ",,"경기도","시지역","읍"," 27 ","군지역","읍"," 5 "," 서울시 ","동"," 424 ",,"경기도","시지역","읍"," 27 ","군지역","읍"," 5 "," 서울시 ","동"," 424 ",,"경기도","시지역","읍"," 27 ","군지역","읍"," 5 "," 서울시 ","동"," 424 ",,"경기도","시지역","읍"," 26 ","군지역","읍"," 5 ","서울시","동(432)",,"경기도","시지역","읍(26)","군지역","읍(5)","서울시","동(436)",,"경기도","시지역","읍(26)","군지역","읍(5)","서울시","동(441)",,"경기도","시지역","읍(26)","군지역","읍(5)","서울시","동(465)",,"경기도","시지역","읍(26)","군지역","읍(5)","서울시","동(489)",,"경기도","시지역","읍(26)","군지역","읍(5)","서울시","동(497)",,"경기도","시지역","읍(26)","군지역","읍(5)","서울시","동(517)",,"경기도","시지역","읍(26)","군지역","읍(5)","서울시","동(518)",,"경기도","시지역","읍(26)","군지역","읍(5)","서울시","동(518)",,"경기도","시지역","읍(26)","군지역","읍(5)","서울시","동(518)",,"경기도","시지역","읍(25)","군지역","읍(5)","서울시","동(522)",,"경기도","시지역","읍(24)","군지역","읍(5)","서울시","동(522)",,"경기도","시지역","읍(24)","군지역","읍(5)","서울시","동(522)",,"경기도","시지역","읍(24)","군지역","읍(5)","서울시","동(522)",,"경기도","시지역","읍(25)","군지역","읍(5)","서울시","동(522)",,"경기도","시지역","읍(26)","군지역","읍(5)","서울시","동(522)",,"경기도","시지역","읍(26)","군지역","읍(5)","서울시","동(522)",,"경기도","시지역","읍(26)","군지역","읍(5)","서울시","동(522)",,"경기도","시지역","읍(26)","군지역","읍(5)","서울시","동(522)",,"경기도","시지역","읍(26)","군지역","읍(5)","서울시","동(522)",,"경기도","시지역","읍(26)","군지역","읍(5)","서울시","동(522)",,"경기도","시지역","읍(24)","군지역","읍(5)","서울시","동(522)",,"경기도","시지역","읍(24)","군지역","읍(5)","서울시","동(522)",,"경기도","시지역","읍(21)","군지역","읍(10)","서울시","동(522)",,"경기도","시지역","읍(21)","군지역","읍(10)","서울시","동(522)",,"경기도","시지역","읍(20)","군지역","읍(10)","서울시","동(522)",,"경기도","시지역","읍(20)","군지역","읍(10)"
,,,,,,"면"," 74 ",,"면"," 33 ",,,,,,,"면"," 74 ",,"면"," 33 ",,,,,,,"면"," 74 ",,"면"," 33 ",,,,,,,"면"," 75 ",,"면"," 33 ",,,,,,"면(75)",,"면(33)",,,,,,"면(75)",,"면(33)",,,,,,"면(75)",,"면(33)",,,,,,"면(75)",,"면(33)",,,,,,"면(75)",,"면(33)",,,,,,"면(75)",,"면(33)",,,,,,"면(75)",,"면(33)",,,,,,"면(75)",,"면(33)",,,,,,"면(75)",,"면(33)",,,,,,"면(76)",,"면(33)",,,,,,"면(77)",,"면(33)",,,,,,"면(77)",,"면(33)",,,,,,"면(77)",,"면(33)",,,,,,"면(77)",,"면(33)",,,,,,"면(78)",,"면(33)",,,,,,"면(78)",,"면(33)",,,,,,"면(78)",,"면(33)",,,,,,"면(78)",,"면(33)",,,,,,"면(78)",,"면(33)",,,,,,"면(78)",,"면(33)",,,,,,"면(80)",,"면(33)",,,,,,"면(80)",,"면(33)",,,,,,"면(66)",,"면(48)",,,,,,"면(66)",,"면(48)",,,,,,"면(67)",,"면(48)",,,,,,"면(67)",,"면(48)"
"부산시","읍"," 2 ",,,,"동"," 397 ",,,,"부산시","읍"," 2 ",,,,"동"," 397 ",,,,"부산시","읍"," 2 ",,,,"동"," 396 ",,,,"부산시","읍"," 2 ",,,,"동"," 396 ",,,,"부산시","읍(2)",,,,"동(395)",,,"부산시","읍(2)",,,,"동(395)",,,"부산시","읍(2)",,,,"동(394)",,,"부산시","읍(2)",,,,"동(394)",,,"부산시","읍(2)",,,,"동(394)",,,"부산시","읍(2)",,,,"동(393)",,,"부산시","읍(2)",,,,"동(392)",,,"부산시","읍(2)",,,,"동(395)",,,"부산시","읍(2)",,,,"동(393)",,,"부산시","읍(2)",,,,"동(391)",,,"부산시","읍(2)",,,,"동(390)",,,"부산시","읍(2)",,,,"동(390)",,,"부산시","읍(2)",,,,"동(390)",,,"부산시","읍(2)",,,,"동(384)",,,"부산시","읍(2)",,,,"동(373)",,,"부산시","읍(2)",,,,"동(373)",,,"부산시","읍(2)",,,,"동(372)",,,"부산시","읍(2)",,,,"동(371)",,,"부산시","읍(2)",,,,"동(371)",,,"부산시","읍(2)",,,,"동(371)",,,"부산시","읍(2)",,,,"동(370)",,,"부산시","읍(2)",,,,"동(370)",,,"부산시","읍(2)",,,,"동(361)",,,"부산시","읍(2)",,,,"동(360)",,,"부산시","읍(2)",,,,"동(358)",,,"부산시","읍(2)",,,,"동(346)",,
,"면"," 3 ",,,,,"   ",,,,,"면"," 3 ",,,,,"   ",,,,,"면"," 3 ",,,,,"   ",,,,,"면"," 3 ",,,,,"   ",,,,,"면(3)",,,," ",,,,"면(3)",,,," ",,,,"면(3)",,,," ",,,,"면(3)",,,," ",,,,"면(3)",,,," ",,,,"면(3)",,,," ",,,,"면(3)",,,," ",,,,"면(3)",,,," ",,,,"면(3)",,,," ",,,,"면(3)",,,," ",,,,"면(3)",,,," ",,,,"면(3)",,,," ",,,,"면(3)",,,," ",,,,"면(3)",,,," ",,,,"면(3)",,,," ",,,,"면(3)",,,," ",,,,"면(3)",,,," ",,,,"면(3)",,,," ",,,,"면(3)",,,," ",,,,"면(3)",,,," ",,,,"면(3)",,,," ",,,,"면(3)",,,," ",,,,"면(3)",,,," ",,,,"면(3)",,,," ",,,,"면(3)",,,," ",,,,"면(3)",,,," ",,
,"동"," 210 ",,"강원도","시지역","읍"," 5 ","군지역","읍"," 19 ",,"동"," 210 ",,"강원도","시지역","읍"," 5 ","군지역","읍"," 19 ",,"동"," 210 ",,"강원도","시지역","읍"," 5 ","군지역","읍"," 19 ",,"동"," 210 ",,"강원도","시지역","읍"," 5 ","군지역","읍"," 19 ",,"동(210)",,"강원도","시지역","읍(5)","군지역","읍(19)",,"동(210)",,"강원도","시지역","읍(5)","군지역","읍(19)",,"동(212)",,"강원도","시지역","읍(5)","군지역","읍(19)",,"동(212)",,"강원도","시지역","읍(5)","군지역","읍(19)",,"동(212)",,"강원도","시지역","읍(5)","군지역","읍(19)",,"동(213)",,"강원도","시지역","읍(5)","군지역","읍(19)",,"동(218)",,"강원도","시지역","읍(5)","군지역","읍(19)",,"동(218)",,"강원도","시지역","읍(5)","군지역","읍(19)",,"동(218)",,"강원도","시지역","읍(5)","군지역","읍(19)",,"동(218)",,"강원도","시지역","읍(5)","군지역","읍(19)",,"동(221)",,"강원도","시지역","읍(5)","군지역","읍(19)",,"동(221)",,"강원도","시지역","읍(5)","군지역","읍(19)",,"동(221)",,"강원도","시지역","읍(5)","군지역","읍(19)",,"동(222)",,"강원도","시지역","읍(5)","군지역","읍(19)",,"동(222)",,"강원도","시지역","읍(5)","군지역","읍(19)",,"동(221)",,"강원도","시지역","읍(5)","군지역","읍(19)",,"동(221)",,"강원도","시지역","읍(5)","군지역","읍(19)",,"동(221)",,"강원도","시지역","읍(5)","군지역","읍(19)",,"동(221)",,"강원도","시지역","읍(5)","군지역","읍(19)",,"동(221)",,"강원도","시지역","읍(5)","군지역","읍(19)",,"동(221)",,"강원도","시지역","읍(5)","군지역","읍(19)",,"동(221)",,"강원도","시지역","읍(5)","군지역","읍(19)",,"동(217)",,"강원도","시지역","읍(5)","군지역","읍(19)",,"동(217)",,"강원도","시지역","읍(5)","군지역","읍(19)",,"동(216)",,"강원도","시지역","읍(5)","군지역","읍(19)",,"동(216)",,"강원도","시지역","읍(5)","군지역","읍(19)"
,,,,,,"면"," 30 ",,"면"," 59 ",,,,,,,"면"," 30 ",,"면"," 59 ",,,,,,,"면"," 30 ",,"면"," 59 ",,,,,,,"면"," 30 ",,"면"," 59 ",,,,,,"면(30)",,"면(59)",,,,,,"면(30)",,"면(59)",,,,,,"면(30)",,"면(59)",,,,,,"면(30)",,"면(59)",,,,,,"면(30)",,"면(60)",,,,,,"면(30)",,"면(60)",,,,,,"면(30)",,"면(60)",,,,,,"면(30)",,"면(60)",,,,,,"면(30)",,"면(60)",,,,,,"면(30)",,"면(60)",,,,,,"면(30)",,"면(60)",,,,,,"면(30)",,"면(60)",,,,,,"면(30)",,"면(60)",,,,,,"면(30)",,"면(60)",,,,,,"면(30)",,"면(60)",,,,,,"면(30)",,"면(60)",,,,,,"면(30)",,"면(60)",,,,,,"면(30)",,"면(60)",,,,,,"면(30)",,"면(60)",,,,,,"면(30)",,"면(60)",,,,,,"면(30)",,"면(60)",,,,,,"면(30)",,"면(60)",,,,,,"면(30)",,"면(60)",,,,,,"면(30)",,"면(60)",,,,,,"면(30)",,"면(60)",,,,,,"면(30)",,"면(60)"
"대구시","읍"," 3 ",,,,"동"," 74 ",,,,"대구시","읍"," 3 ",,,,"동"," 74 ",,,,"대구시","읍"," 3 ",,,,"동"," 74 ",,,,"대구시","읍"," 3 ",,,,"동"," 74 ",,,,"대구시","읍(3)",,,,"동(74)",,,"대구시","읍(3)",,,,"동(74)",,,"대구시","읍(3)",,,,"동(74)",,,"대구시","읍(3)",,,,"동(74)",,,"대구시","읍(3)",,,,"동(74)",,,"대구시","읍(3)",,,,"동(74)",,,"대구시","읍(3)",,,,"동(74)",,,"대구시","읍(3)",,,,"동(74)",,,"대구시","읍(3)",,,,"동(74)",,,"대구시","읍(3)",,,,"동(74)",,,"대구시","읍(3)",,,,"동(74)",,,"대구시","읍(3)",,,,"동(74)",,,"대구시","읍(3)",,,,"동(74)",,,"대구시","읍(3)",,,,"동(74)",,,"대구시","읍(3)",,,,"동(74)",,,"대구시","읍(3)",,,,"동(74)",,,"대구시","읍(3)",,,,"동(74)",,,"대구시","읍(3)",,,,"동(74)",,,"대구시","읍(3)",,,,"동(74)",,,"대구시","읍(3)",,,,"동(74)",,,"대구시","읍(3)",,,,"동(74)",,,"대구시","읍(3)",,,,"동(74)",,,"대구시","읍(3)",,,,"동(74)",,,"대구시","읍(3)",,,,"동(74)",,,"대구시","읍(3)",,,,"동(74)",,,"대구시","읍(3)",,,,"동(74)",,
,"면"," 6 ",,,,,,,,,,"면"," 6 ",,,,,,,,,,"면"," 6 ",,,,,,,,,,"면"," 6 ",,,,,,,,,,"면(6)",,,,,,,,"면(6)",,,,,,,,"면(6)",,,,,,,,"면(6)",,,,,,,,"면(6)",,,,,,,,"면(6)",,,,,,,,"면(6)",,,,,,,,"면(6)",,,,,,,,"면(6)",,,,,,,,"면(6)",,,,,,,,"면(6)",,,,,,,,"면(6)",,,,,,,,"면(6)",,,,,,,,"면(6)",,,,,,,,"면(6)",,,,,,,,"면(6)",,,,,,,,"면(6)",,,,,,,,"면(6)",,,,,,,,"면(6)",,,,,,,,"면(6)",,,,,,,,"면(6)",,,,,,,,"면(6)",,,,,,,,"면(6)",,,,,,,,"면(6)",,,,,,,,"면(6)",,,,,,,,"면(6)",,,,,,
,"동"," 134 ",,"충북","시지역","읍"," 2 ","군지역","읍"," 12 ",,"동"," 134 ",,"충북","시지역","읍"," 2 ","군지역","읍"," 12 ",,"동"," 134 ",,"충북","시지역","읍"," 2 ","군지역","읍"," 12 ",,"동"," 134 ",,"충북","시지역","읍"," 2 ","군지역","읍"," 12 ",,"동(134)",,"충북","시지역","읍(2)","군지역","읍(12)",,"동(134)",,"충북","시지역","읍(2)","군지역","읍(12)",,"동(134)",,"충북","시지역","읍(2)","군지역","읍(12)",,"동(134)",,"충북","시지역","읍(2)","군지역","읍(12)",,"동(134)",,"충북","시지역","읍(2)","군지역","읍(12)",,"동(134)",,"충북","시지역","읍(2)","군지역","읍(12)",,"동(134)",,"충북","시지역","읍(2)","군지역","읍(12)",,"동(134)",,"충북","시지역","읍(2)","군지역","읍(12)",,"동(134)",,"충북","시지역","읍(2)","군지역","읍(12)",,"동(134)",,"충북","시지역","읍(2)","군지역","읍(12)",,"동(134)",,"충북","시지역","읍(2)","군지역","읍(11)",,"동(134)",,"충북","시지역","읍(2)","군지역","읍(11)",,"동(134)",,"충북","시지역","읍(2)","군지역","읍(11)",,"동(134)",,"충북","시지역","읍(2)","군지역","읍(11)",,"동(134)",,"충북","시지역","읍(2)","군지역","읍(11)",,"동(134)",,"충북","시지역","읍(2)","군지역","읍(11)",,"동(134)",,"충북","시지역","읍(2)","군지역","읍(11)",,"동(134)",,"충북","시지역","읍(2)","군지역","읍(11)",,"동(134)",,"충북","시지역","읍(2)","군지역","읍(11)",,"동(134)",,"충북","시지역","읍(2)","군지역","읍(11)",,"동(134)",,"충북","시지역","읍(2)","군지역","읍(11)",,"동(134)",,"충북","시지역","읍(2)","군지역","읍(11)",,"동(134)",,"충북","시지역","읍(2)","군지역","읍(11)",,"동(134)",,"충북","시지역","읍(2)","군지역","읍(10)",,"동(134)",,"충북","시지역","읍(2)","군지역","읍(10)",,"동(129)",,"충북","시지역","읍(2)","군지역","읍(10)"
,,,,,,"면"," 19 ",,"면"," 70 ",,,,,,,"면"," 19 ",,"면"," 70 ",,,,,,,"면"," 19 ",,"면"," 70 ",,,,,,,"면"," 19 ",,"면"," 70 ",,,,,,"면(19)",,"면(70)",,,,,,"면(19)",,"면(70)",,,,,,"면(19)",,"면(70)",,,,,,"면(19)",,"면(70)",,,,,,"면(19)",,"면(70)",,,,,,"면(19)",,"면(70)",,,,,,"면(19)",,"면(70)",,,,,,"면(19)",,"면(70)",,,,,,"면(19)",,"면(70)",,,,,,"면(19)",,"면(70)",,,,,,"면(19)",,"면(71)",,,,,,"면(19)",,"면(71)",,,,,,"면(19)",,"면(71)",,,,,,"면(19)",,"면(71)",,,,,,"면(19)",,"면(71)",,,,,,"면(19)",,"면(71)",,,,,,"면(19)",,"면(71)",,,,,,"면(19)",,"면(71)",,,,,,"면(19)",,"면(71)",,,,,,"면(19)",,"면(71)",,,,,,"면(19)",,"면(71)",,,,,,"면(19)",,"면(71)",,,,,,"면(19)",,"면(71)",,,,,,"면(19)",,"면(73)",,,,,,"면(19)",,"면(73)",,,,,,"면(19)",,"면(73)"
"인천시","읍"," 1 ",,,,"동"," 51 ",,,,"인천시","읍"," 1 ",,,,"동"," 51 ",,,,"인천시","읍"," 1 ",,,,"동"," 51 ",,,,"인천시","읍"," 1 ",,,,"동"," 51 ",,,,"인천시","읍(1)",,,,"동(51)",,,"인천시","읍(1)",,,,"동(51)",,,"인천시","읍(1)",,,,"동(51)",,,"인천시","읍(1)",,,,"동(51)",,,"인천시","읍(1)",,,,"동(51)",,,"인천시","읍(1)",,,,"동(51)",,,"인천시","읍(1)",,,,"동(50)",,,"인천시","읍(1)",,,,"동(50)",,,"인천시","읍(1)",,,,"동(50)",,,"인천시","읍(1)",,,,"동(50)",,,"인천시","읍(1)",,,,"동(50)",,,"인천시","읍(1)",,,,"동(50)",,,"인천시","읍(1)",,,,"동(50)",,,"인천시","읍(1)",,,,"동(50)",,,"인천시","읍(1)",,,,"동(50)",,,"인천시","읍(1)",,,,"동(50)",,,"인천시","읍(1)",,,,"동(50)",,,"인천시","읍(1)",,,,"동(50)",,,"인천시","읍(1)",,,,"동(50)",,,"인천시","읍(1)",,,,"동(50)",,,"인천시","읍(1)",,,,"동(50)",,,"인천시","읍(1)",,,,"동(50)",,,"인천시","읍(1)",,,,"동(50)",,,"인천시","읍(1)",,,,"동(50)",,,"인천시","읍(1)",,,,"동(50)",,,"인천시","읍(1)",,,,"동(49)",,
,"면"," 19 ",,,,,,,,,,"면"," 19 ",,,,,,,,,,"면"," 19 ",,,,,,,,,,"면"," 19 ",,,,,,,,,,"면(19)",,,,,,,,"면(19)",,,,,,,,"면(19)",,,,,,,,"면(19)",,,,,,,,"면(19)",,,,,,,,"면(19)",,,,,,,,"면(19)",,,,,,,,"면(19)",,,,,,,,"면(19)",,,,,,,,"면(19)",,,,,,,,"면(19)",,,,,,,,"면(19)",,,,,,,,"면(19)",,,,,,,,"면(19)",,,,,,,,"면(19)",,,,,,,,"면(19)",,,,,,,,"면(19)",,,,,,,,"면(19)",,,,,,,,"면(19)",,,,,,,,"면(19)",,,,,,,,"면(19)",,,,,,,,"면(19)",,,,,,,,"면(19)",,,,,,,,"면(19)",,,,,,,,"면(19)",,,,,,,,"면(19)",,,,,,
,"동"," 121 ",,"충남","시지역","읍"," 11 ","군지역","읍"," 15 ",,"동"," 121 ",,"충남","시지역","읍"," 11 ","군지역","읍"," 15 ",,"동"," 121 ",,"충남","시지역","읍"," 11 ","군지역","읍"," 14 ",,"동"," 120 ",,"충남","시지역","읍"," 11 ","군지역","읍"," 14 ",,"동(120)",,"충남","시지역","읍(10)","군지역","읍(14)",,"동(123)",,"충남","시지역","읍(10)","군지역","읍(14)",,"동(123)",,"충남","시지역","읍(10)","군지역","읍(14)",,"동(123)",,"충남","시지역","읍(10)","군지역","읍(14)",,"동(123)",,"충남","시지역","읍(10)","군지역","읍(14)",,"동(123)",,"충남","시지역","읍(10)","군지역","읍(14)",,"동(123)",,"충남","시지역","읍(10)","군지역","읍(14)",,"동(123)",,"충남","시지역","읍(10)","군지역","읍(14)",,"동(123)",,"충남","시지역","읍(10)","군지역","읍(14)",,"동(123)",,"충남","시지역","읍(10)","군지역","읍(14)",,"동(122)",,"충남","시지역","읍(10)","군지역","읍(14)",,"동(121)",,"충남","시지역","읍(10)","군지역","읍(14)",,"동(120)",,"충남","시지역","읍(10)","군지역","읍(14)",,"동(120)",,"충남","시지역","읍(10)","군지역","읍(14)",,"동(120)",,"충남","시지역","읍(10)","군지역","읍(14)",,"동(119)",,"충남","시지역","읍(10)","군지역","읍(14)",,"동(119)",,"충남","시지역","읍(10)","군지역","읍(14)",,"동(119)",,"충남","시지역","읍(10)","군지역","읍(14)",,"동(119)",,"충남","시지역","읍(10)","군지역","읍(14)",,"동(119)",,"충남","시지역","읍(10)","군지역","읍(14)",,"동(119)",,"충남","시지역","읍(10)","군지역","읍(14)",,"동(119)",,"충남","시지역","읍(10)","군지역","읍(14)",,"동(119)",,"충남","시지역","읍(10)","군지역","읍(14)",,"동(119)",,"충남","시지역","읍(10)","군지역","읍(14)",,"동(119)",,"충남","시지역","읍(10)","군지역","읍(14)",,"동(117)",,"충남","시지역","읍(10)","군지역","읍(14)"
,,,,,,"면"," 60 ",,"면"," 85 ",,,,,,,"면"," 60 ",,"면"," 85 ",,,,,,,"면"," 60 ",,"면"," 86 ",,,,,,,"면"," 60 ",,"면"," 86 ",,,,,,"면(61)",,"면(86)",,,,,,"면(61)",,"면(86)",,,,,,"면(61)",,"면(86)",,,,,,"면(61)",,"면(86)",,,,,,"면(61)",,"면(86)",,,,,,"면(61)",,"면(86)",,,,,,"면(61)",,"면(86)",,,,,,"면(61)",,"면(86)",,,,,,"면(61)",,"면(86)",,,,,,"면(61)",,"면(86)",,,,,,"면(61)",,"면(86)",,,,,,"면(61)",,"면(86)",,,,,,"면(61)",,"면(86)",,,,,,"면(60)",,"면(86)",,,,,,"면(60)",,"면(86)",,,,,,"면(60)",,"면(86)",,,,,,"면(60)",,"면(86)",,,,,,"면(60)",,"면(86)",,,,,,"면(60)",,"면(86)",,,,,,"면(60)",,"면(86)",,,,,,"면(60)",,"면(86)",,,,,,"면(60)",,"면(86)",,,,,,"면(60)",,"면(86)",,,,,,"면(58)",,"면(88)",,,,,,"면(58)",,"면(88)",,,,,,"면(58)",,"면(88)"
"광주시","동"," 92 ",,,,"동"," 40 ",,,,"광주시","동"," 92 ",,,,"동"," 40 ",,,,"광주시","동"," 92 ",,,,"동"," 40 ",,,,"광주시","동"," 91 ",,,,"동"," 40 ",,,,"광주시","동(91)",,,,"동(40)",,,"광주시","동(91)",,,,"동(40)",,,"광주시","동(91)",,,,"동(41)",,,"광주시","동(91)",,,,"동(41)",,,"광주시","동(91)",,,,"동(41)",,,"광주시","동(91)",,,,"동(41)",,,"광주시","동(91)",,,,"동(41)",,,"광주시","동(91)",,,,"동(41)",,,"광주시","동(91)",,,,"동(40)",,,"광주시","동(91)",,,,"동(40)",,,"광주시","동(91)",,,,"동(40)",,,"광주시","동(91)",,,,"동(40)",,,"광주시","동(91)",,,,"동(40)",,,"광주시","동(91)",,,,"동(39)",,,"광주시","동(91)",,,,"동(39)",,,"광주시","동(90)",,,,"동(39)",,,"광주시","동(90)",,,,"동(39)",,,"광주시","동(90)",,,,"동(39)",,,"광주시","동(90)",,,,"동(39)",,,"광주시","동(90)",,,,"동(39)",,,"광주시","동(90)",,,,"동(39)",,,"광주시","동(90)",,,,"동(39)",,,"광주시","동(90)",,,,"동(39)",,,"광주시","동(89)",,,,"동(37)",,,"광주시","동(87)",,,,"동(37)",,,"광주시","동(85)",,,,"동(37)",,
,,,,,,,,,,,,,,,,,,,,,,,,,,,,,,,,,,,,,,,,,,,,,,,,,,,,,,,,,,,,,,,,,,,,,,,,,,,,,,,,,,,,,,,,,,,,,,,,,,,,,,,,,,,,,,,,,,,,,,,,,,,,,,,,,,,,,,,,,,,,,,,,,,,,,,,,,,,,,,,,,,,,,,,,,,,,,,,,,,,,,,,,,,,,,,,,,,,,,,,,,,,,,,,,,,,,,,,,,,,,,,,,,,,,,,,,,,,,,,,,,,,,,,,,,,,
"대전시","동"," 76 ",,"전북","시지역","읍"," 5 ","군지역","읍"," 9 ","대전시","동"," 76 ",,"전북","시지역","읍"," 5 ","군지역","읍"," 9 ","대전시","동"," 76 ",,"전북","시지역","읍"," 5 ","군지역","읍"," 9 ","대전시","동"," 76 ",,"전북","시지역","읍"," 5 ","군지역","읍"," 9 ","대전시","동(76)",,"전북","시지역","읍(5)","군지역","읍(9)","대전시","동(76)",,"전북","시지역","읍(5)","군지역","읍(9)","대전시","동(76)",,"전북","시지역","읍(5)","군지역","읍(9)","대전시","동(81)",,"전북","시지역","읍(5)","군지역","읍(9)","대전시","동(81)",,"전북","시지역","읍(5)","군지역","읍(9)","대전시","동(81)",,"전북","시지역","읍(5)","군지역","읍(9)","대전시","동(81)",,"전북","시지역","읍(5)","군지역","읍(9)","대전시","동(81)",,"전북","시지역","읍(5)","군지역","읍(9)","대전시","동(81)",,"전북","시지역","읍(5)","군지역","읍(9)","대전시","동(80)",,"전북","시지역","읍(5)","군지역","읍(9)","대전시","동(80)",,"전북","시지역","읍(5)","군지역","읍(9)","대전시","동(80)",,"전북","시지역","읍(5)","군지역","읍(9)","대전시","동(80)",,"전북","시지역","읍(5)","군지역","읍(9)","대전시","동(80)",,"전북","시지역","읍(5)","군지역","읍(9)","대전시","동(80)",,"전북","시지역","읍(5)","군지역","읍(9)","대전시","동(80)",,"전북","시지역","읍(5)","군지역","읍(9)","대전시","동(80)",,"전북","시지역","읍(5)","군지역","읍(9)","대전시","동(79)",,"전북","시지역","읍(5)","군지역","읍(9)","대전시","동(79)",,"전북","시지역","읍(5)","군지역","읍(9)","대전시","동(79)",,"전북","시지역","읍(5)","군지역","읍(9)","대전시","동(79)",,"전북","시지역","읍(5)","군지역","읍(9)","대전시","동(79)",,"전북","시지역","읍(5)","군지역","읍(9)","대전시","동(79)",,"전북","시지역","읍(5)","군지역","읍(9)","대전시","동(79)",,"전북","시지역","읍(5)","군지역","읍(9)","대전시","동(79)",,"전북","시지역","읍(5)","군지역","읍(9)","대전시","동(76)",,"전북","시지역","읍(5)","군지역","읍(9)"
,,,,,,"면"," 67 ",,"면"," 78 ",,,,,,,"면"," 67 ",,"면"," 78 ",,,,,,,"면"," 67 ",,"면"," 78 ",,,,,,,"면"," 67 ",,"면"," 78 ",,,,,,"면(67)",,"면(78)",,,,,,"면(67)",,"면(78)",,,,,,"면(67)",,"면(78)",,,,,,"면(67)",,"면(78)",,,,,,"면(67)",,"면(78)",,,,,,"면(67)",,"면(78)",,,,,,"면(67)",,"면(78)",,,,,,"면(67)",,"면(78)",,,,,,"면(67)",,"면(78)",,,,,,"면(67)",,"면(78)",,,,,,"면(67)",,"면(78)",,,,,,"면(67)",,"면(78)",,,,,,"면(67)",,"면(78)",,,,,,"면(67)",,"면(78)",,,,,,"면(67)",,"면(78)",,,,,,"면(67)",,"면(78)",,,,,,"면(67)",,"면(78)",,,,,,"면(67)",,"면(78)",,,,,,"면(67)",,"면(78)",,,,,,"면(67)",,"면(78)",,,,,,"면(67)",,"면(78)",,,,,,"면(67)",,"면(78)",,,,,,"면(67)",,"면(78)",,,,,,"면(67)",,"면(78)",,,,,,"면(67)",,"면(78)",,,,,,"면(67)",,"면(78)"
"울산시","읍"," 4 ",,,,"동"," 82 ",,,,"울산시","읍"," 4 ",,,,"동"," 82 ",,,,"울산시","읍"," 4 ",,,,"동"," 82 ",,,,"울산시","읍"," 4 ",,,,"동"," 82 ",,,,"울산시","읍(4)",,,,"동(82)",,,"울산시","읍(4)",,,,"동(82)",,,"울산시","읍(4)",,,,"동(82)",,,"울산시","읍(4)",,,,"동(82)",,,"울산시","읍(4)",,,,"동(82)",,,"울산시","읍(4)",,,,"동(85)",,,"울산시","읍(4)",,,,"동(85)",,,"울산시","읍(4)",,,,"동(85)",,,"울산시","읍(4)",,,,"동(85)",,,"울산시","읍(4)",,,,"동(85)",,,"울산시","읍(4)",,,,"동(85)",,,"울산시","읍(4)",,,,"동(85)",,,"울산시","읍(4)",,,,"동(85)",,,"울산시","읍(4)",,,,"동(85)",,,"울산시","읍(4)",,,,"동(85)",,,"울산시","읍(4)",,,,"동(92)",,,"울산시","읍(4)",,,,"동(92)",,,"울산시","읍(4)",,,,"동(92)",,,"울산시","읍(4)",,,,"동(92)",,,"울산시","읍(4)",,,,"동(92)",,,"울산시","읍(4)",,,,"동(92)",,,"울산시","읍(4)",,,,"동(92)",,,"울산시","읍(4)",,,,"동(92)",,,"울산시","읍(4)",,,,"동(92)",,,"울산시","읍(4)",,,,"동(92)",,,"울산시","읍(4)",,,,"동(89)",,
,"면"," 8 ",,,,,,,,,,"면"," 8 ",,,,,,,,,,"면"," 8 ",,,,,,,,,,"면"," 8 ",,,,,,,,,,"면(8)",,,,,,,,"면(8)",,,,,,,,"면(8)",,,,,,,,"면(8)",,,,,,,,"면(8)",,,,,,,,"면(8)",,,,,,,,"면(8)",,,,,,,,"면(8)",,,,,,,,"면(8)",,,,,,,,"면(8)",,,,,,,,"면(8)",,,,,,,,"면(8)",,,,,,,,"면(8)",,,,,,,,"면(8)",,,,,,,,"면(8)",,,,,,,,"면(8)",,,,,,,,"면(8)",,,,,,,,"면(8)",,,,,,,,"면(8)",,,,,,,,"면(8)",,,,,,,,"면(8)",,,,,,,,"면(8)",,,,,,,,"면(8)",,,,,,,,"면(8)",,,,,,,,"면(8)",,,,,,,,"면(8)",,,,,,
,"동"," 44 ",,"전남","시지역","읍"," 4 ","군지역","읍"," 27 ",,"동"," 44 ",,"전남","시지역","읍"," 4 ","군지역","읍"," 27 ",,"동"," 44 ",,"전남","시지역","읍"," 4 ","군지역","읍"," 27 ",,"동"," 44 ",,"전남","시지역","읍"," 4 ","군지역","읍"," 27 ",,"동(44)",,"전남","시지역","읍(4)","군지역","읍(27)",,"동(44)",,"전남","시지역","읍(4)","군지역","읍(27)",,"동(46)",,"전남","시지역","읍(4)","군지역","읍(27)",,"동(46)",,"전남","시지역","읍(4)","군지역","읍(27)",,"동(46)",,"전남","시지역","읍(4)","군지역","읍(27)",,"동(46)",,"전남","시지역","읍(4)","군지역","읍(27)",,"동(46)",,"전남","시지역","읍(4)","군지역","읍(27)",,"동(46)",,"전남","시지역","읍(4)","군지역","읍(27)",,"동(46)",,"전남","시지역","읍(4)","군지역","읍(27)",,"동(46)",,"전남","시지역","읍(4)","군지역","읍(27)",,"동(46)",,"전남","시지역","읍(4)","군지역","읍(27)",,"동(46)",,"전남","시지역","읍(4)","군지역","읍(27)",,"동(46)",,"전남","시지역","읍(4)","군지역","읍(27)",,"동(46)",,"전남","시지역","읍(4)","군지역","읍(27)",,"동(46)",,"전남","시지역","읍(4)","군지역","읍(27)",,"동(46)",,"전남","시지역","읍(4)","군지역","읍(27)",,"동(46)",,"전남","시지역","읍(4)","군지역","읍(27)",,"동(46)",,"전남","시지역","읍(4)","군지역","읍(27)",,"동(46)",,"전남","시지역","읍(4)","군지역","읍(27)",,"동(46)",,"전남","시지역","읍(4)","군지역","읍(27)",,"동(46)",,"전남","시지역","읍(4)","군지역","읍(27)",,"동(46)",,"전남","시지역","읍(4)","군지역","읍(27)",,"동(46)",,"전남","시지역","읍(4)","군지역","읍(27)",,"동(46)",,"전남","시지역","읍(4)","군지역","읍(27)",,"동(46)",,"전남","시지역","읍(4)","군지역","읍(26)",,"동(46)",,"전남","시지역","읍(4)","군지역","읍(26)"
,,,,,,"면"," 34 ",,"면"," 164 ",,,,,,,"면"," 34 ",,"면"," 164 ",,,,,,,"면"," 34 ",,"면"," 164 ",,,,,,,"면"," 34 ",,"면"," 164 ",,,,,,"면(34)",,"면(164)",,,,,,"면(34)",,"면(164)",,,,,,"면(34)",,"면(164)",,,,,,"면(34)",,"면(164)",,,,,,"면(34)",,"면(164)",,,,,,"면(34)",,"면(164)",,,,,,"면(34)",,"면(164)",,,,,,"면(34)",,"면(164)",,,,,,"면(34)",,"면(164)",,,,,,"면(34)",,"면(164)",,,,,,"면(34)",,"면(164)",,,,,,"면(34)",,"면(164)",,,,,,"면(34)",,"면(164)",,,,,,"면(34)",,"면(164)",,,,,,"면(34)",,"면(164)",,,,,,"면(34)",,"면(164)",,,,,,"면(34)",,"면(164)",,,,,,"면(34)",,"면(164)",,,,,,"면(34)",,"면(164)",,,,,,"면(34)",,"면(164)",,,,,,"면(34)",,"면(164)",,,,,,"면(34)",,"면(164)",,,,,,"면(34)",,"면(164)",,,,,,"면(34)",,"면(164)",,,,,,"면(34)",,"면(165)",,,,,,"면(34)",,"면(165)"
"광역시","읍"," 10 ",,,,"동"," 66 ",,,,"광역시","읍"," 10 ",,,,"동"," 66 ",,,,"광역시","읍"," 10 ",,,,"동"," 66 ",,,,"광역시","읍"," 10 ",,,,"동"," 66 ",,,,"광역시","읍(10)",,,,"동(66)",,,"광역시","읍(10)",,,,"동(66)",,,"광역시","읍(10)",,,,"동(66)",,,"광역시","읍(10)",,,,"동(66)",,,"광역시","읍(10)",,,,"동(66)",,,"광역시","읍(10)",,,,"동(66)",,,"광역시","읍(10)",,,,"동(66)",,,"광역시","읍(10)",,,,"동(66)",,,"광역시","읍(10)",,,,"동(66)",,,"광역시","읍(10)",,,,"동(66)",,,"광역시","읍(10)",,,,"동(66)",,,"광역시","읍(10)",,,,"동(70)",,,"광역시","읍(10)",,,,"동(70)",,,"광역시","읍(10)",,,,"동(70)",,,"광역시","읍(10)",,,,"동(70)",,,"광역시","읍(10)",,,,"동(70)",,,"광역시","읍(10)",,,,"동(70)",,,"광역시","읍(10)",,,,"동(70)",,,"광역시","읍(10)",,,,"동(70)",,,"광역시","읍(10)",,,,"동(70)",,,"광역시","읍(10)",,,,"동(70)",,,"광역시","읍(10)",,,,"동(70)",,,"광역시","읍(10)",,,,"동(69)",,,"광역시","읍(10)",,,,"동(69)",,,"광역시","읍(10)",,,,"동(69)",,,"광역시","읍(10)",,,,"동(69)",,
,"면"," 36 ",,,,,,,,,,"면"," 36 ",,,,,,,,,,"면"," 36 ",,,,,,,,,,"면"," 36 ",,,,,,,,,,"면(36)",,,,,,,,"면(36)",,,,,,,,"면(36)",,,,,,,,"면(36)",,,,,,,,"면(36)",,,,,,,,"면(36)",,,,,,,,"면(36)",,,,,,,,"면(36)",,,,,,,,"면(36)",,,,,,,,"면(36)",,,,,,,,"면(36)",,,,,,,,"면(36)",,,,,,,,"면(36)",,,,,,,,"면(36)",,,,,,,,"면(36)",,,,,,,,"면(36)",,,,,,,,"면(36)",,,,,,,,"면(36)",,,,,,,,"면(36)",,,,,,,,"면(36)",,,,,,,,"면(36)",,,,,,,,"면(36)",,,,,,,,"면(36)",,,,,,,,"면(36)",,,,,,,,"면(36)",,,,,,,,"면(36)",,,,,,
,"동"," 1,101 ",,"경북","시지역","읍"," 19 ","군지역","읍"," 17 ",,"동"," 1,101 ",,"경북","시지역","읍"," 19 ","군지역","읍"," 17 ",,"동"," 1,101 ",,"경북","시지역","읍"," 19 ","군지역","읍"," 17 ",,"동"," 1,099 ",,"경북","시지역","읍"," 19 ","군지역","읍"," 17 ",,"동(1107)",,"경북","시지역","읍(19)","군지역","읍(17)",,"동(1114)",,"경북","시지역","읍(19)","군지역","읍(17)",,"동(1123)",,"경북","시지역","읍(19)","군지역","읍(17)",,"동(1152)",,"경북","시지역","읍(19)","군지역","읍(17)",,"동(1176)",,"경북","시지역","읍(19)","군지역","읍(17)",,"동(1185)",,"경북","시지역","읍(19)","군지역","읍(17)",,"동(1210)",,"경북","시지역","읍(19)","군지역","읍(17)",,"동(1211)",,"경북","시지역","읍(19)","군지역","읍(17)",,"동(1211)",,"경북","시지역","읍(19)","군지역","읍(17)",,"동(1210)",,"경북","시지역","읍(19)","군지역","읍(17)",,"동(1216)",,"경북","시지역","읍(19)","군지역","읍(17)",,"동(1216)",,"경북","시지역","읍(19)","군지역","읍(16)",,"동(1215)",,"경북","시지역","읍(19)","군지역","읍(16)",,"동(1215)",,"경북","시지역","읍(19)","군지역","읍(16)",,"동(1215)",,"경북","시지역","읍(19)","군지역","읍(16)",,"동(1212)",,"경북","시지역","읍(19)","군지역","읍(16)",,"동(1212)",,"경북","시지역","읍(19)","군지역","읍(16)",,"동(1211)",,"경북","시지역","읍(19)","군지역","읍(16)",,"동(1211)",,"경북","시지역","읍(19)","군지역","읍(16)",,"동(1211)",,"경북","시지역","읍(19)","군지역","읍(16)",,"동(1211)",,"경북","시지역","읍(19)","군지역","읍(16)",,"동(1211)",,"경북","시지역","읍(19)","군지역","읍(16)",,"동(1207)",,"경북","시지역","읍(19)","군지역","읍(16)",,"동(1206)",,"경북","시지역","읍(19)","군지역","읍(16)",,"동(1203)",,"경북","시지역","읍(19)","군지역","읍(15)",,"동(1191)",,"경북","시지역","읍(19)","군지역","읍(15)"
,"계"," 1,147 ",,,,"면"," 100 ",,"면"," 102 ",,"계"," 1,147 ",,,,"면"," 100 ",,"면"," 102 ",,"계"," 1,147 ",,,,"면"," 100 ",,"면"," 102 ",,"계"," 1,145 ",,,,"면"," 100 ",,"면"," 102 ",,"계 1153",,,,"면(100)",,"면(102)",,"계 1160",,,,"면(100)",,"면(102)",,"계 1169",,,,"면(100)",,"면(102)",,"계 1198",,,,"면(100)",,"면(102)",,"계 1222",,,,"면(100)",,"면(102)",,"계 1231",,,,"면(100)",,"면(102)",,"계 1256",,,,"면(100)",,"면(102)",,"계 1257",,,,"면(100)",,"면(102)",,"계 1257",,,,"면(100)",,"면(102)",,"계 1256",,,,"면(100)",,"면(102)",,"계 1262",,,,"면(100)",,"면(102)",,"계 1261",,,,"면(100)",,"면(103)",,"계 1260",,,,"면(100)",,"면(103)",,"계 1261",,,,"면(100)",,"면(103)",,"계 1261",,,,"면(100)",,"면(103)",,"계 1258",,,,"면(100)",,"면(103)",,"계 1258",,,,"면(100)",,"면(103)",,"계 1257",,,,"면(100)",,"면(103)",,"계 1257",,,,"면(100)",,"면(103)",,"계 1257",,,,"면(100)",,"면(103)",,"계 1257",,,,"면(100)",,"면(103)",,"계 1257",,,,"면(100)",,"면(103)",,"계 1253",,,,"면(100)",,"면(103)",,"계 1252",,,,"면(100)",,"면(103)",,"계 1249",,,,"면(100)",,"면(104)",,"계 1237",,,,"면(100)",,"면(104)"
,,,,,,"동"," 93 ",,,,,,,,,,"동"," 93 ",,,,,,,,,,"동"," 93 ",,,,,,,,,,"동"," 93 ",,,,,,,,,"동(93)",,,,,,,,"동(95)",,,,,,,,"동(99)",,,,,,,,"동(100)",,,,,,,,"동(100)",,,,,,,,"동(100)",,,,,,,,"동(100)",,,,,,,,"동(100)",,,,,,,,"동(100)",,,,,,,,"동(100)",,,,,,,,"동(100)",,,,,,,,"동(100)",,,,,,,,"동(100)",,,,,,,,"동(100)",,,,,,,,"동(100)",,,,,,,,"동(100)",,,,,,,,"동(100)",,,,,,,,"동(100)",,,,,,,,"동(99)",,,,,,,,"동(99)",,,,,,,,"동(99)",,,,,,,,"동(99)",,,,,,,,"동(99)",,,,,,,,"동(99)",,,,,,,,"동(99)",,,,,,,,"동(99)",,
,,,,,,,,,,,,,,,,,,,,,,,,,,,,,,,,,,,,,,,,,,,,,,,,,,,,,,,,,,,,,,,,,,,,,,,,,,,,,,,,,,,,,,,,,,,,,,,,,,,,,,,,,,,,,,,,,,,,,,,,,,,,,,,,,,,,,,,,,,,,,,,,,,,,,,,,,,,,,,,,,,,,,,,,,,,,,,,,,,,,,,,,,,,,,,,,,,,,,,,,,,,,,,,,,,,,,,,,,,,,,,,,,,,,,,,,,,,,,,,,,,,,,,,,,,,
,,,,"경남","시지역","읍"," 9 ","군지역","읍"," 11 ",,,,,"경남","시지역","읍"," 9 ","군지역","읍"," 11 ",,,,,"경남","시지역","읍"," 9 ","군지역","읍"," 11 ",,,,,"경남","시지역","읍"," 9 ","군지역","읍"," 11 ",,,,"경남","시지역","읍(9)","군지역","읍(11)",,,,"경남","시지역","읍(9)","군지역","읍(11)",,,,"경남","시지역","읍(9)","군지역","읍(11)",,,,"경남","시지역","읍(9)","군지역","읍(11)",,,,"경남","시지역","읍(10)","군지역","읍(11)",,,,"경남","시지역","읍(10)","군지역","읍(11)",,,,"경남","시지역","읍(10)","군지역","읍(11)",,,,"경남","시지역","읍(10)","군지역","읍(11)",,,,"경남","시지역","읍(10)","군지역","읍(11)",,,,"경남","시지역","읍(11)","군지역","읍(11)",,,,"경남","시지역","읍(11)","군지역","읍(11)",,,,"경남","시지역","읍(11)","군지역","읍(11)",,,,"경남","시지역","읍(11)","군지역","읍(11)",,,,"경남","시지역","읍(11)","군지역","읍(11)",,,,"경남","시지역","읍(11)","군지역","읍(11)",,,,"경남","시지역","읍(11)","군지역","읍(11)",,,,"경남","시지역","읍(11)","군지역","읍(11)",,,,"경남","시지역","읍(11)","군지역","읍(11)",,,,"경남","시지역","읍(11)","군지역","읍(11)",,,,"경남","시지역","읍(11)","군지역","읍(11)",,,,"경남","시지역","읍(11)","군지역","읍(11)",,,,"경남","시지역","읍(11)","군지역","읍(11)",,,,"경남","시지역","읍(11)","군지역","읍(11)",,,,"경남","시지역","읍(11)","군지역","읍(11)",,,,"경남","시지역","읍(11)","군지역","읍(11)",,,,"경남","시지역","읍(11)","군지역","읍(11)"
,,,,,,"면"," 63 ",,"면"," 114 ",,,,,,,"면"," 63 ",,"면"," 114 ",,,,,,,"면"," 63 ",,"면"," 114 ",,,,,,,"면"," 63 ",,"면"," 114 ",,,,,,"면(63)",,"면(114)",,,,,,"면(63)",,"면(114)",,,,,,"면(63)",,"면(114)",,,,,,"면(63)",,"면(114)",,,,,,"면(63)",,"면(114)",,,,,,"면(63)",,"면(114)",,,,,,"면(63)",,"면(114)",,,,,,"면(63)",,"면(114)",,,,,,"면(63)",,"면(114)",,,,,,"면(63)",,"면(114)",,,,,,"면(63)",,"면(114)",,,,,,"면(63)",,"면(114)",,,,,,"면(63)",,"면(114)",,,,,,"면(63)",,"면(114)",,,,,,"면(63)",,"면(114)",,,,,,"면(63)",,"면(114)",,,,,,"면(63)",,"면(114)",,,,,,"면(63)",,"면(114)",,,,,,"면(63)",,"면(114)",,,,,,"면(63)",,"면(114)",,,,,,"면(63)",,"면(114)",,,,,,"면(63)",,"면(114)",,,,,,"면(63)",,"면(114)",,,,,,"면(63)",,"면(114)",,,,,,"면(63)",,"면(114)",,,,,,"면(63)",,"면(114)"
,,,,,,"동"," 124 ",,,,,,,,,,"동"," 123 ",,,,,,,,,,"동"," 123 ",,,,,,,,,,"동"," 123 ",,,,,,,,,"동(123)",,,,,,,,"동(123)",,,,,,,,"동(123)",,,,,,,,"동(123)",,,,,,,,"동(119)",,,,,,,,"동(119)",,,,,,,,"동(119)",,,,,,,,"동(119)",,,,,,,,"동(119)",,,,,,,,"동(115)",,,,,,,,"동(115)",,,,,,,,"동(115)",,,,,,,,"동(115)",,,,,,,,"동(115)",,,,,,,,"동(115)",,,,,,,,"동(115)",,,,,,,,"동(115)",,,,,,,,"동(115)",,,,,,,,"동(115)",,,,,,,,"동(115)",,,,,,,,"동(115)",,,,,,,,"동(115)",,,,,,,,"동(115)",,,,,,,,"동(115)",,,,,,,,"동(115)",,,,,,,,"동(115)",,
,,,,,,,,,,,,,,,,,,,,,,,,,,,,,,,,,,,,,,,,,,,,,,,,,,,,,,,,,,,,,,,,,,,,,,,,,,,,,,,,,,,,,,,,,,,,,,,,,,,,,,,,,,,,,,,,,,,,,,,,,,,,,,,,,,,,,,,,,,,,,,,,,,,,,,,,,,,,,,,,,,,,,,,,,,,,,,,,,,,,,,,,,,,,,,,,,,,,,,,,,,,,,,,,,,,,,,,,,,,,,,,,,,,,,,,,,,,,,,,,,,,,,,,,,,,
,,,,"제주특별","시지역","읍"," 7 ",,,,,,,,"제주특별","시지역","읍"," 7 ",,,,,,,,"제주특별","시지역","읍"," 7 ",,,,,,,,"제주특별","시지역","읍"," 7 ",,,,,,,"제주특별","시지역","읍(7)",,,,,,"제주특별","시지역","읍(7)",,,,,,"제주특별","시지역","읍(7)",,,,,,"제주특별","시지역","읍(7)",,,,,,"제주특별","시지역","읍(7)",,,,,,"제주특별","시지역","읍(7)",,,,,,"제주특별","시지역","읍(7)",,,,,,"제주특별","시지역","읍(7)",,,,,,"제주특별","시지역","읍(7)",,,,,,"제주특별","시지역","읍(7)",,,,,,"제주특별","시지역","읍(7)",,,,,,"제주특별","시지역","동(31)",,,,,,"제주도","시지역","동(31)","군지역","읍(7)",,,,"제주도","시지역","동(31)","군지역","읍(7)",,,,"제주도","시지역","동(31)","군지역","읍(7)",,,,"제주도","시지역","동(31)","군지역","읍(7)",,,,"제주도","시지역","동(31)","군지역","읍(7)",,,,"제주도","시지역","동(31)","군지역","읍(7)",,,,"제주도","시지역","동(31)","군지역","읍(7)",,,,"제주도","시지역","동(31)","군지역","읍(7)",,,,"제주도","시지역","동(31)","군지역","읍(7)",,,,"제주도","시지역","동(31)","군지역","읍(7)",,,,"제주도","시지역","동(31)","군지역","읍(7)",,,,"제주도","시지역","동(31)","군지역","읍(7)",,,,"제주도","시지역","동(31)","군지역","읍(7)",,,,"제주도","시지역","동(31)","군지역","읍(7)"
,,,,"자치도",,"면"," 5 ",,,,,,,,"자치도",,"면"," 5 ",,,,,,,,"자치도",,"면"," 5 ",,,,,,,,"자치도",,"면"," 5 ",,,,,,,"자치도",,"면(5)",,,,,,"자치도",,"면(5)",,,,,,"자치도",,"면(5)",,,,,,"자치도",,"면(5)",,,,,,"자치도",,"면(5)",,,,,,"자치도",,"면(5)",,,,,,"자치도",,"면(5)",,,,,,"자치도",,"면(5)",,,,,,"자치도",,"면(5)",,,,,,"자치도",,"면(5)",,,,,,"자치도",,"면(5)",,,,,,"자치도",,"읍(7)",,,,,,,," ",,"면(5)",,,,,," ",,"면(5)",,,,,," ",,"면(5)",,,,,," ",,"면(5)",,,,,," ",,"면(5)",,,,,," ",,"면(5)",,,,,," ",,"면(5)",,,,,," ",,"면(5)",,,,,," ",,"면(5)",,,,,," ",,"면(5)",,,,,," ",,"면(5)",,,,,," ",,"면(5)",,,,,," ",,"면(5)",,,,,," ",,"면(5)"
,,,,,,"동"," 31 ",,,,,,,,,,"동"," 31 ",,,,,,,,,,"동"," 31 ",,,,,,,,,,"동"," 31 ",,,,,,,,,"동(31)",,,,,,,,"동(31)",,,,,,,,"동(31)",,,,,,,,"동(31)",,,,,,,,"동(31)",,,,,,,,"동(31)",,,,,,,,"동(31)",,,,,,,,"동(31)",,,,,,,,"동(31)",,,,,,,,"동(31)",,,,,,,,"동(31)",,,,,,,,"면(5)",,,,,,,," ",,,,,,,," ",,,,,,,," ",,,,,,,," ",,,,,,,," ",,,,,,,," ",,,,,,,," ",,,,,,,," ",,,,,,,," ",,,,,,,," ",,,,,,,," ",,,,,,,," ",,,,,,,," ",,,,,,,," ",,
,,,,,,,,,,,,,,,,,,,,,,,,,,,,,,,,,,,,,,,,,,,,,,,,,,,,,,,,,,,,,,,,,,,,,,,,,,,,,,,,,,,,,,,,,,,,,,,,,,,,,,,,,,,,,,,,,,,,,,,,,,,,,,,,,,,,,,,,,,,,,,,,,,,,,,,,,,,,,,,,,,,,,,,,,,,,,,,,,,,,,,,,,,,,,,,,,,,,,,,,,,,,,,,,,,,,,,,,,,,,,,,,,,,,,,,,,,,,,,,,,,,,,,,,,,,
,,,,,,,,,,,,,,,,,,,,,,,,,,,,,,,,,,,,,,,,,,,,,,,,,,,,,,,,,,,,,,,,,,,,,,,,,,,,,,,,,,,,,,,,,,,,,,,,,,,,,,,,,,,,,,,,,,,,,,,,,,,,,,,,,,,,,,,,,,,,,,,,,,,,,,,,,,,,,,,,,,,,,,,,,,,,,,,,,,,,,,,,,,,,,,,,,,,,,,,,,,,,,,,,,,,,,,,,,,,,,,,,,,,,,,,,,,,,,,,,,,,,,,,,,,,
,,,,"도지역","시부","읍"," 89 ","군부","읍"," 115 ",,,,,"도지역","시부","읍"," 89 ","군부","읍"," 115 ",,,,,"도지역","시부","읍"," 89 ","군부","읍"," 114 ",,,,,"도지역","시부","읍"," 88 ","군부","읍"," 114 ",,,,"도지역","시부","읍(87)","군부","읍(114)",,,,"도지역","시부","읍(87)","군부","읍(114)",,,,"도지역","시부","읍(87)","군부","읍(114)",,,,"도지역","시부","읍(87)","군부","읍(114)",,,,"도지역","시부","읍(88)","군부","읍(114)",,,,"도지역","시부","읍(88)","군부","읍(114)",,,,"도지역","시부","읍(88)","군부","읍(114)",,,,"도지역","시부","읍(88)","군부","읍(114)",,,,"도지역","시부","읍(88)","군부","읍(114)",,,,"도지역","시부","읍(88)","군부","읍(114)",,,,"도지역","시부","읍(87)","군부","읍(113)",,,,"도지역","시부","읍(87)","군부","읍(105)",,,,"도지역","시부","읍(80)","군부","읍(119)",,,,"도지역","시부","읍(81)","군부","읍(119)",,,,"도지역","시부","읍(82)","군부","읍(119)",,,,"도지역","시부","읍(82)","군부","읍(119)",,,,"도지역","시부","읍(82)","군부","읍(119)",,,,"도지역","시부","읍(82)","군부","읍(119)",,,,"도지역","시부","읍(82)","군부","읍(119)",,,,"도지역","시부","읍(82)","군부","읍(119)",,,,"도지역","시부","읍(80)","군부","읍(119)",,,,"도지역","시부","읍(80)","군부","읍(119)",,,,"도지역","시부","읍(77)","군부","읍(124)",,,,"도지역","시부","읍(77)","군부","읍(123)",,,,"도지역","시부","읍(76)","군부","읍(121)",,,,"도지역","시부","읍(76)","군부","읍(121)"
,,,,,,"면"," 452 ",,"면"," 705 ",,,,,,,"면"," 452 ",,"면"," 705 ",,,,,,,"면"," 452 ",,"면"," 706 ",,,,,,,"면"," 453 ",,"면"," 706 ",,,,,,"면(454)",,"면(706)",,,,,,"면(454)",,"면(706)",,,,,,"면(454)",,"면(706)",,,,,,"면(454)",,"면(706)",,,,,,"면(454)",,"면(707)",,,,,,"면(454)",,"면(707)",,,,,,"면(454)",,"면(707)",,,,,,"면(454)",,"면(707)",,,,,,"면(454)",,"면(707)",,,,,,"면(455)",,"면(707)",,,,,,"면(456)",,"면(708)",,,,,,"면(456)",,"면(704)",,,,,,"면(451)",,"면(714)",,,,,,"면(450)",,"면(714)",,,,,,"면(451)",,"면(714)",,,,,,"면(451)",,"면(714)",,,,,,"면(451)",,"면(714)",,,,,,"면(451)",,"면(714)",,,,,,"면(451)",,"면(714)",,,,,,"면(451)",,"면(714)",,,,,,"면(453)",,"면(714)",,,,,,"면(453)",,"면(714)",,,,,,"면(439)",,"면(729)",,,,,,"면(437)",,"면(733)",,,,,,"면(438)",,"면(735)",,,,,,"면(438)",,"면(735)"
,,,,,,"동"," 958 ",,"계"," 820 ",,,,,,,"동"," 957 ",,"계"," 820 ",,,,,,,"동"," 956 ",,"계"," 820 ",,,,,,,"동"," 956 ",,"계"," 820 ",,,,,,"동(955)",,"계 820",,,,,,"동(957)",,"계 820",,,,,,"동(961)",,"계 820",,,,,,"동(962)",,"계 820",,,,,,"동(958)",,"계 821",,,,,,"동(960)",,"계 821",,,,,,"동(958)",,"계 821",,,,,,"동(961)",,"계 821",,,,,,"동(958)",,"계 821",,,,,,"동(952)",,"계 821",,,,,,"동(951)",,"계 821",,,,,,"동(955)",,"계 821",,,,,,"동(955)",,"계 833",,,,,,"동(948)",,"계 833",,,,,,"동(937)",,"계 833",,,,,,"동(944)",,"계 833",,,,,,"동(943)",,"계 833",,,,,,"동(942)",,"계 833",,,,,,"동(941)",,"계 833",,,,,,"동(941)",,"계 833",,,,,,"동(940)",,"계 833",,,,,,"동(940)",,"계 833",,,,,,"동(930)",,"계 853",,,,,,"동(927)",,"계 856",,,,,,"동(925)",,"계 856",,,,,,"동(909)",,"계 856"
,,,,,,"계"," 1,499 ",,,,,,,,,,"계"," 1,498 ",,,,,,,,,,"계"," 1,497 ",,,,,,,,,,"계"," 1,497 ",,,,,,,,,"계 1496",,,,,,,,"계 1498",,,,,,,,"계 1502",,,,,,,,"계 1503",,,,,,,,"계 1500",,,,,,,,"계 1502",,,,,,,,"계 1500",,,,,,,,"계 1503",,,,,,,,"계 1500",,,,,,,,"계 1495",,,,,,,,"계 1494",,,,,,,,"계 1498",,,,,,,,"계 1486",,,,,,,,"계 1479",,,,,,,,"계 1470",,,,,,,,"계 1477",,,,,,,,"계 1476",,,,,,,,"계 1475",,,,,,,,"계 1474",,,,,,,,"계 1474",,,,,,,,"계 1473",,,,,,,,"계 1473",,,,,,,,"계 1446",,,,,,,,"계 1441",,,,,,,,"계 1439",,,,,,,,"계 1423",,
"변경내역: 읍, 면, 동",,,,,,,,,,,"변경내역: 읍, 면, 동",,,,,,,,,,,"변경내역: 읍, 면, 동",,,,,,,,,,,"변경내역: 읍, 면, 동",,,,,,,,,,,"변경내역: 읍, 면, 동",,,,,,,,"변경내역: 읍, 면, 동",,,,,,,,"변경내역: 읍, 면, 동",,,,,,,,"변경내역: 읍, 면, 동",,,,,,,,"변경내역: 읍, 면, 동",,,,,,,,"변경내역: 읍, 면, 동",,,,,,,,"변경내역: 읍, 면, 동",,,,,,,,"변경내역: 읍, 면, 동",,,,,,,,"변경내역: 읍, 면, 동",,,,,,,,"변경내역: 읍, 면, 동",,,,,,,,"변경내역: 읍(+1), 면(-1), 동(-3)",,,,,,,,"변경내역: 읍(-1), 면(+1), 동 (+6)",,,,,,,,"변경내역: 읍(-1), 면(+1), 동 (+6)",,,,,,,,"변경내역: 읍(-1), 면(-1), 동 (+11)",,,,,,,,"변경내역:동(-4)",,,,,,,,"변경내역:동(+1)",,,,,,,,"변경내역:동(+2)",,,,,,,,"변경내역:동(+1)",,,,,,,,"변경내역:없음",,,,,,,,"변경내역:읍(+2), 면(-2), 동(+1)",,,,,,,,"변경내역:없음",,,,,,,,"변경내역:읍(-2),면(-1), 동(+14)",,,,,,,,"변경내역:읍(+1), 면(-2), 동(+4)",,,,,,,,"변경내역:읍(+3), 면(-3), 동(+5)",,,,,,,,"변경내역:동(+28)",,,,,,,,,,,,,,,
"* 도의 구(비자치구)는 집계에서 제외",,,,,,,,,,,"* 도의 구(비자치구)는 집계에서 제외",,,,,,,,,,,"* 도의 구(비자치구)는 집계에서 제외",,,,,,,,,,,"* 도의 구(비자치구)는 집계에서 제외",,,,,,,,,,,"* 도의 구(비자치구)는 집계에서 제외",,,,,,,,"* 도의 구(비자치구)는 집계에서 제외",,,,,,,,"* 도의 구(비자치구)는 집계에서 제외",,,,,,,,"* 도의 구(비자치구)는 집계에서 제외",,,,,,,,"* 도의 구(비자치구)는 집계에서 제외",,,,,,,,"* 도의 구(비자치구)는 집계에서 제외",,,,,,,,"* 도의 구(비자치구)는 집계에서 제외",,,,,,,,"* 도의 구(비자치구)는 집계에서 제외",,,,,,,,"* 도의 구(비자치구)는 집계에서 제외",,,,,,,,"* 도의 구(비자치구)는 집계에서 제외",,,,,,,,"* 도의 구(비자치구)는 집계에서 제외",,,,,,,,"* 도의 구(비자치구)는 집계에서 제외",,,,,,,,"* 도의 구(비자치구)는 집계에서 제외",,,,,,,,"* 도의 구(비자치구)는 집계에서 제외",,,,,,,,"* 도의 구(비자치구)는 집계에서 제외",,,,,,,,"* 도의 구(비자치구)는 집계에서 제외",,,,,,,,"* 도의 구(비자치구)는 집계에서 제외",,,,,,,,"* 도의 구(비자치구)는 집계에서 제외",,,,,,,,"* 도의 구(비자치구)는 집계에서 제외",,,,,,,,"* 도의 구(비자치구)는 집계에서 제외",,,,,,,,"* 도의 구(비자치구)는 집계에서 제외",,,,,,,,"* 도의 구(비자치구)는 집계에서 제외",,,,,,,,"* 도의 구(비자치구)는 집계에서 제외",,,,,,,,"* 도의 구(비자치구)는 집계에서 제외",,,,,,,,"* 도의 구(비자치구)는 집계에서 제외",,,,,,,,"* 도의 구(비자치구)는 집계에서 제외",,,,,,,
"* 제주특별자치도의 시지역은 비자치구임",,,,,,,,,,,"* 제주특별자치도의 시지역은 비자치구임",,,,,,,,,,,"* 제주특별자치도의 시지역은 비자치구임",,,,,,,,,,,"* 제주특별자치도의 시지역은 비자치구임",,,,,,,,,,,"* 제주특별자치도의 시지역은 비자치구임",,,,,,,,"* 제주특별자치도의 시지역은 비자치구임",,,,,,,,"* 제주특별자치도의 시지역은 비자치구임",,,,,,,,"* 제주특별자치도의 시지역은 비자치구임",,,,,,,,"* 제주특별자치도의 시지역은 비자치구임",,,,,,,,"* 제주특별자치도의 시지역은 비자치구임",,,,,,,,"* 제주특별자치도의 시지역은 비자치구임",,,,,,,,"* 제주특별자치도의 시지역은 비자치구임",,,,,,,,"* 제주특별자치도의 시지역은 비자치구임",,,,,,,,"* 제주특별자치도의 시지역은 비자치구임",,,,,,,,"* 제주특별자치도의 시지역은 비자치구임",,,,,,,,"* 제주특별자치도의 시는 비자치시임",,,,,,,,,,,,,,,,,,,,,,,,,,,,,,,,,,,,,,,,,,,,,,,,,,,,,,,,,,,,,,,,,,,,,,,,,,,,,,,,,,,,,,,,,,,,,,,,"* 시군구수:시군구급의 출장소 2곳 포함(충북증평출장소, 충남계룡출장소)",,,,,,,,"* 시군구수:시군구급의 출장소 2곳 포함(충북증평출장소, 충남계룡출장소)",,,,,,,,"* 시군구수:시군구급의 출장소 2곳 포함(충북증평출장소, 충남계룡출장소)",,,,,,,
,,,,,,,,,,,,,,,,,,,,,,,,,,,,,,,,,,,,,,,,,,,,,,,,,,,,,,,,,,,,,,,,,,,,,,,,,,,,,,,,,,,,,,,,,,,,,,,,,,,,,,,,,,,,,,,,,,,,,,,,,,,,,,,,,,,,,,,,,,,,,,,,,,,,,,,,,,,,,,,,,,,,,,,,,,,,,,,,,,,,,,,,,,,,,,,,,,,,,,,,,,,,,,,,,,,,,,,,,,,,,,,,,,,,,,,,,,,,,,,,,,,,,,,,,,,
,,,,,,,,,,,,,,,,,,,,,,,,,,,,,,,,,,,,,,,,,,,,,,,,,,,,,,,,,,,,,,,,,,,,,,,,,,,,,,,,,,,,,,,,,,,,,,,,,,,,,,,,,,,,,,,,,,,,,,,,,,,,,,,,,,,,,,,,,,,,,,,,,,,,,,,,,,,,,,,,,,,,,,,,,,,,,,,,,,,,,,,,,,,,,,,,,,,,,,,,,,,,,,,,,,,,,,,,,"1999년 7월 1일 기준(특광역시 및 도 읍면동수)",,,,,,,,"2000년 1월 1일 기준(특광역시 및 도 읍면동수)",,,,,,,,"2001년 1월 1일 기준(특광역시 및 도 읍면동수)",,,,,,,,"2002년 1월 1일 기준(특광역시 및 도 읍면동수)",,,,,,,,,,
,,,,,,,,,,,,,,,,,,,,,,,,,,,,,,,,,,,,,,,,,,,,,,,,,,,,,,,,,,,,,,,,,,,,,,,,,,,,,,,,,,,,,,,,,,,,,,,,,,,,,,,,,,,,,,,,,,,,,,,,,,,,,,,,,,,,,,,,,,,,,,,,,,,,,,,,,,,,,,,,,,,,,,,,,,,,,,,,,,,,,,,,,,,,,,,,,,,,,,,,,,,,,,,,,,,,,,,,,"서울시","동(522)",,"경기도","시지역","읍(11)","군지역","읍(11)","서울시","동(522)",,"경기도","시지역","읍(11)","군지역","읍(11)","서울시","동(522)",,"경기도","시지역","읍(12)","군지역","읍(12)","서울시","동(522)",,"경기도","시지역","읍(17)","군지역","읍(10)",,,
,,,,,,,,,,,,,,,,,,,,,,,,,,,,,,,,,,,,,,,,,,,,,,,,,,,,,,,,,,,,,,,,,,,,,,,,,,,,,,,,,,,,,,,,,,,,,,,,,,,,,,,,,,,,,,,,,,,,,,,,,,,,,,,,,,,,,,,,,,,,,,,,,,,,,,,,,,,,,,,,,,,,,,,,,,,,,,,,,,,,,,,,,,,,,,,,,,,,,,,,,,,,,,,,,,,,,,,,,,,,,,"면(56)",,"면(70)",,,,,,"면(56)",,"면(70)",,,,,,"면(55)",,"면(69)",,,,,,"면(70)",,"면(48)",,,
,,,,,,,,,,,,,,,,,,,,,,,,,,,,,,,,,,,,,,,,,,,,,,,,,,,,,,,,,,,,,,,,,,,,,,,,,,,,,,,,,,,,,,,,,,,,,,,,,,,,,,,,,,,,,,,,,,,,,,,,,,,,,,,,,,,,,,,,,,,,,,,,,,,,,,,,,,,,,,,,,,,,,,,,,,,,,,,,,,,,,,,,,,,,,,,,,,,,,,,,,,,,,,,,,,,,,,,,,"부산시","읍(2)",,,,"동(331)",,,"부산시","읍(2)",,,,"동(333)",,,"부산시","읍(2)",,,,"동(334)",,,"부산시","읍(2)",,,,"동(344)",,,,,
,,,,,,,,,,,,,,,,,,,,,,,,,,,,,,,,,,,,,,,,,,,,,,,,,,,,,,,,,,,,,,,,,,,,,,,,,,,,,,,,,,,,,,,,,,,,,,,,,,,,,,,,,,,,,,,,,,,,,,,,,,,,,,,,,,,,,,,,,,,,,,,,,,,,,,,,,,,,,,,,,,,,,,,,,,,,,,,,,,,,,,,,,,,,,,,,,,,,,,,,,,,,,,,,,,,,,,,,,,"면(3)",,,,,,,,"면(3)",,,,,,,,"면(3)",,,,,,,,"면(3)",,,," ",,,,,
,,,,,,,,,,,,,,,,,,,,,,,,,,,,,,,,,,,,,,,,,,,,,,,,,,,,,,,,,,,,,,,,,,,,,,,,,,,,,,,,,,,,,,,,,,,,,,,,,,,,,,,,,,,,,,,,,,,,,,,,,,,,,,,,,,,,,,,,,,,,,,,,,,,,,,,,,,,,,,,,,,,,,,,,,,,,,,,,,,,,,,,,,,,,,,,,,,,,,,,,,,,,,,,,,,,,,,,,,,"동(216)",,"강원도","시지역","읍(5)","군지역","읍(19)",,"동(216)",,"강원도","시지역","읍(5)","군지역","읍(19)",,"동(216)",,"강원도","시지역","읍(5)","군지역","읍(19)",,"동(216)",,"강원도","시지역","읍(5)","군지역","읍(19)",,,
,,,,,,,,,,,,,,,,,,,,,,,,,,,,,,,,,,,,,,,,,,,,,,,,,,,,,,,,,,,,,,,,,,,,,,,,,,,,,,,,,,,,,,,,,,,,,,,,,,,,,,,,,,,,,,,,,,,,,,,,,,,,,,,,,,,,,,,,,,,,,,,,,,,,,,,,,,,,,,,,,,,,,,,,,,,,,,,,,,,,,,,,,,,,,,,,,,,,,,,,,,,,,,,,,,,,,,,,,,,,,,"면(30)",,"면(60)",,,,,,"면(30)",,"면(60)",,,,,,"면(30)",,"면(60)",,,,,,"면(30)",,"면(60)",,,
,,,,,,,,,,,,,,,,,,,,,,,,,,,,,,,,,,,,,,,,,,,,,,,,,,,,,,,,,,,,,,,,,,,,,,,,,,,,,,,,,,,,,,,,,,,,,,,,,,,,,,,,,,,,,,,,,,,,,,,,,,,,,,,,,,,,,,,,,,,,,,,,,,,,,,,,,,,,,,,,,,,,,,,,,,,,,,,,,,,,,,,,,,,,,,,,,,,,,,,,,,,,,,,,,,,,,,,,,"대구시","읍(3)",,,,"동(74)",,,"대구시","읍(3)",,,,"동(74)",,,"대구시","읍(3)",,,,"동(74)",,,"대구시","읍(3)",,,,"동(74)",,,,,
,,,,,,,,,,,,,,,,,,,,,,,,,,,,,,,,,,,,,,,,,,,,,,,,,,,,,,,,,,,,,,,,,,,,,,,,,,,,,,,,,,,,,,,,,,,,,,,,,,,,,,,,,,,,,,,,,,,,,,,,,,,,,,,,,,,,,,,,,,,,,,,,,,,,,,,,,,,,,,,,,,,,,,,,,,,,,,,,,,,,,,,,,,,,,,,,,,,,,,,,,,,,,,,,,,,,,,,,,,"면(6)",,,,,,,,"면(6)",,,,,,,,"면(6)",,,,,,,,"면(6)",,,,,,,,,
,,,,,,,,,,,,,,,,,,,,,,,,,,,,,,,,,,,,,,,,,,,,,,,,,,,,,,,,,,,,,,,,,,,,,,,,,,,,,,,,,,,,,,,,,,,,,,,,,,,,,,,,,,,,,,,,,,,,,,,,,,,,,,,,,,,,,,,,,,,,,,,,,,,,,,,,,,,,,,,,,,,,,,,,,,,,,,,,,,,,,,,,,,,,,,,,,,,,,,,,,,,,,,,,,,,,,,,,,,"동(129)",,"충북","시지역","읍(2)","군지역","읍(9)",,"동(129)",,"충북","시지역","읍(2)","군지역","읍(10)",,"동(129)",,"충북","시지역","읍(2)","군지역","읍(10)",,"동(129)",,"충북","시지역","읍(2)","군지역","읍(10)",,,
,,,,,,,,,,,,,,,,,,,,,,,,,,,,,,,,,,,,,,,,,,,,,,,,,,,,,,,,,,,,,,,,,,,,,,,,,,,,,,,,,,,,,,,,,,,,,,,,,,,,,,,,,,,,,,,,,,,,,,,,,,,,,,,,,,,,,,,,,,,,,,,,,,,,,,,,,,,,,,,,,,,,,,,,,,,,,,,,,,,,,,,,,,,,,,,,,,,,,,,,,,,,,,,,,,,,,,,,,,,,,,"면(19)",,"면(74)",,,,,,"면(19)",,"면(73)",,,,,,"면(19)",,"면(73)",,,,,,"면(19)",,"면(73)",,,
,,,,,,,,,,,,,,,,,,,,,,,,,,,,,,,,,,,,,,,,,,,,,,,,,,,,,,,,,,,,,,,,,,,,,,,,,,,,,,,,,,,,,,,,,,,,,,,,,,,,,,,,,,,,,,,,,,,,,,,,,,,,,,,,,,,,,,,,,,,,,,,,,,,,,,,,,,,,,,,,,,,,,,,,,,,,,,,,,,,,,,,,,,,,,,,,,,,,,,,,,,,,,,,,,,,,,,,,,"인천시","읍(1)",,,,"동(49)",,,"인천시","읍(1)",,,,"동(49)",,,"인천시","읍(1)",,,,"동(49)",,,"인천시","읍(1)",,,,"동(49)",,,,,
,,,,,,,,,,,,,,,,,,,,,,,,,,,,,,,,,,,,,,,,,,,,,,,,,,,,,,,,,,,,,,,,,,,,,,,,,,,,,,,,,,,,,,,,,,,,,,,,,,,,,,,,,,,,,,,,,,,,,,,,,,,,,,,,,,,,,,,,,,,,,,,,,,,,,,,,,,,,,,,,,,,,,,,,,,,,,,,,,,,,,,,,,,,,,,,,,,,,,,,,,,,,,,,,,,,,,,,,,,"면(19)",,,,,,,,"면(19)",,,,,,,,"면(19)",,,,,,,,"면(19)",,,,,,,,,
,,,,,,,,,,,,,,,,,,,,,,,,,,,,,,,,,,,,,,,,,,,,,,,,,,,,,,,,,,,,,,,,,,,,,,,,,,,,,,,,,,,,,,,,,,,,,,,,,,,,,,,,,,,,,,,,,,,,,,,,,,,,,,,,,,,,,,,,,,,,,,,,,,,,,,,,,,,,,,,,,,,,,,,,,,,,,,,,,,,,,,,,,,,,,,,,,,,,,,,,,,,,,,,,,,,,,,,,,,"동(116)",,"충남","시지역","읍(8)","군지역","읍(14)",,"동(116)",,"충남","시지역","읍(8)","군지역","읍(14)",,"동(116)",,"충남","시지역","읍(8)","군지역","읍(14)",,"동(117)",,"충남","시지역","읍(10)","군지역","읍(14)",,,
,,,,,,,,,,,,,,,,,,,,,,,,,,,,,,,,,,,,,,,,,,,,,,,,,,,,,,,,,,,,,,,,,,,,,,,,,,,,,,,,,,,,,,,,,,,,,,,,,,,,,,,,,,,,,,,,,,,,,,,,,,,,,,,,,,,,,,,,,,,,,,,,,,,,,,,,,,,,,,,,,,,,,,,,,,,,,,,,,,,,,,,,,,,,,,,,,,,,,,,,,,,,,,,,,,,,,,,,,,,,,,"면(60)",,"면(88)",,,,,,"면(60)",,"면(88)",,,,,,"면(60)",,"면(88)",,,,,,"면(58)",,"면(88)",,,
,,,,,,,,,,,,,,,,,,,,,,,,,,,,,,,,,,,,,,,,,,,,,,,,,,,,,,,,,,,,,,,,,,,,,,,,,,,,,,,,,,,,,,,,,,,,,,,,,,,,,,,,,,,,,,,,,,,,,,,,,,,,,,,,,,,,,,,,,,,,,,,,,,,,,,,,,,,,,,,,,,,,,,,,,,,,,,,,,,,,,,,,,,,,,,,,,,,,,,,,,,,,,,,,,,,,,,,,,"광주시","동(85)",,,,"동(38)",,,"광주시","동(85)",,,,"동(37)",,,"광주시","동(83)",,,,"동(37)",,,"광주시","동(84)",,,,"동(37)",,,,,
,,,,,,,,,,,,,,,,,,,,,,,,,,,,,,,,,,,,,,,,,,,,,,,,,,,,,,,,,,,,,,,,,,,,,,,,,,,,,,,,,,,,,,,,,,,,,,,,,,,,,,,,,,,,,,,,,,,,,,,,,,,,,,,,,,,,,,,,,,,,,,,,,,,,,,,,,,,,,,,,,,,,,,,,,,,,,,,,,,,,,,,,,,,,,,,,,,,,,,,,,,,,,,,,,,,,,,,,,,,,,,,,,,,,,,,,,,,,,,,,,,,,,,,,,,,
,,,,,,,,,,,,,,,,,,,,,,,,,,,,,,,,,,,,,,,,,,,,,,,,,,,,,,,,,,,,,,,,,,,,,,,,,,,,,,,,,,,,,,,,,,,,,,,,,,,,,,,,,,,,,,,,,,,,,,,,,,,,,,,,,,,,,,,,,,,,,,,,,,,,,,,,,,,,,,,,,,,,,,,,,,,,,,,,,,,,,,,,,,,,,,,,,,,,,,,,,,,,,,,,,,,,,,,,,"대전시","동(76)",,"전북","시지역","읍(5)","군지역","읍(9)","대전시","동(76)",,"전북","시지역","읍(5)","군지역","읍(9)","대전시","동(76)",,"전북","시지역","읍(5)","군지역","읍(9)","대전시","동(76)",,"전북","시지역","읍(5)","군지역","읍(9)",,,
,,,,,,,,,,,,,,,,,,,,,,,,,,,,,,,,,,,,,,,,,,,,,,,,,,,,,,,,,,,,,,,,,,,,,,,,,,,,,,,,,,,,,,,,,,,,,,,,,,,,,,,,,,,,,,,,,,,,,,,,,,,,,,,,,,,,,,,,,,,,,,,,,,,,,,,,,,,,,,,,,,,,,,,,,,,,,,,,,,,,,,,,,,,,,,,,,,,,,,,,,,,,,,,,,,,,,,,,,,,,,,"면(67)",,"면(78)",,,,,,"면(67)",,"면(78)",,,,,,"면(67)",,"면(78)",,,,,,"면(67)",,"면(78)",,,
,,,,,,,,,,,,,,,,,,,,,,,,,,,,,,,,,,,,,,,,,,,,,,,,,,,,,,,,,,,,,,,,,,,,,,,,,,,,,,,,,,,,,,,,,,,,,,,,,,,,,,,,,,,,,,,,,,,,,,,,,,,,,,,,,,,,,,,,,,,,,,,,,,,,,,,,,,,,,,,,,,,,,,,,,,,,,,,,,,,,,,,,,,,,,,,,,,,,,,,,,,,,,,,,,,,,,,,,,"울산시","읍(2)",,,,"동(89)",,,"울산시","읍(2)",,,,"동(89)",,,"울산시","읍(2)",,,,"동(89)",,,"울산시","읍(4)",,,,"동(89)",,,,,
,,,,,,,,,,,,,,,,,,,,,,,,,,,,,,,,,,,,,,,,,,,,,,,,,,,,,,,,,,,,,,,,,,,,,,,,,,,,,,,,,,,,,,,,,,,,,,,,,,,,,,,,,,,,,,,,,,,,,,,,,,,,,,,,,,,,,,,,,,,,,,,,,,,,,,,,,,,,,,,,,,,,,,,,,,,,,,,,,,,,,,,,,,,,,,,,,,,,,,,,,,,,,,,,,,,,,,,,,,"면(10)",,,,,,,,"면(10)",,,,,,,,"면(10)",,,,,,,,"면(8)",,,,,,,,,
,,,,,,,,,,,,,,,,,,,,,,,,,,,,,,,,,,,,,,,,,,,,,,,,,,,,,,,,,,,,,,,,,,,,,,,,,,,,,,,,,,,,,,,,,,,,,,,,,,,,,,,,,,,,,,,,,,,,,,,,,,,,,,,,,,,,,,,,,,,,,,,,,,,,,,,,,,,,,,,,,,,,,,,,,,,,,,,,,,,,,,,,,,,,,,,,,,,,,,,,,,,,,,,,,,,,,,,,,,"동(46)",,"전남","시지역","읍(4)","군지역","읍(26)",,"동(46)",,"전남","시지역","읍(4)","군지역","읍(26)",,"동(46)",,"전남","시지역","읍(4)","군지역","읍(26)",,"동(46)",,"전남","시지역","읍(4)","군지역","읍(26)",,,
,,,,,,,,,,,,,,,,,,,,,,,,,,,,,,,,,,,,,,,,,,,,,,,,,,,,,,,,,,,,,,,,,,,,,,,,,,,,,,,,,,,,,,,,,,,,,,,,,,,,,,,,,,,,,,,,,,,,,,,,,,,,,,,,,,,,,,,,,,,,,,,,,,,,,,,,,,,,,,,,,,,,,,,,,,,,,,,,,,,,,,,,,,,,,,,,,,,,,,,,,,,,,,,,,,,,,,,,,,,,,,"면(34)",,"면(165)",,,,,,"면(34)",,"면(165)",,,,,,"면(34)",,"면(165)",,,,,,"면(34)",,"면(165)",,,
,,,,,,,,,,,,,,,,,,,,,,,,,,,,,,,,,,,,,,,,,,,,,,,,,,,,,,,,,,,,,,,,,,,,,,,,,,,,,,,,,,,,,,,,,,,,,,,,,,,,,,,,,,,,,,,,,,,,,,,,,,,,,,,,,,,,,,,,,,,,,,,,,,,,,,,,,,,,,,,,,,,,,,,,,,,,,,,,,,,,,,,,,,,,,,,,,,,,,,,,,,,,,,,,,,,,,,,,,"광역시","읍(8)",,,,"동(69)",,,"광역시","읍(8)",,,,"동(69)",,,"광역시","읍(8)",,,,"동(69)",,,"광역시","읍(10)",,,,"동(69)",,,,,
,,,,,,,,,,,,,,,,,,,,,,,,,,,,,,,,,,,,,,,,,,,,,,,,,,,,,,,,,,,,,,,,,,,,,,,,,,,,,,,,,,,,,,,,,,,,,,,,,,,,,,,,,,,,,,,,,,,,,,,,,,,,,,,,,,,,,,,,,,,,,,,,,,,,,,,,,,,,,,,,,,,,,,,,,,,,,,,,,,,,,,,,,,,,,,,,,,,,,,,,,,,,,,,,,,,,,,,,,,"면(38)",,,,,,,,"면(38)",,,,,,,,"면(38)",,,,,,,,"면(36)",,,,,,,,,
,,,,,,,,,,,,,,,,,,,,,,,,,,,,,,,,,,,,,,,,,,,,,,,,,,,,,,,,,,,,,,,,,,,,,,,,,,,,,,,,,,,,,,,,,,,,,,,,,,,,,,,,,,,,,,,,,,,,,,,,,,,,,,,,,,,,,,,,,,,,,,,,,,,,,,,,,,,,,,,,,,,,,,,,,,,,,,,,,,,,,,,,,,,,,,,,,,,,,,,,,,,,,,,,,,,,,,,,,,"동(1190)",,"경북","시지역","읍(19)","군지역","읍(15)",,"동(1190)",,"경북","시지역","읍(19)","군지역","읍(15)",,"동(1188)",,"경북","시지역","읍(19)","군지역","읍(15)",,"동(1190)",,"경북","시지역","읍(19)","군지역","읍(15)",,,
,,,,,,,,,,,,,,,,,,,,,,,,,,,,,,,,,,,,,,,,,,,,,,,,,,,,,,,,,,,,,,,,,,,,,,,,,,,,,,,,,,,,,,,,,,,,,,,,,,,,,,,,,,,,,,,,,,,,,,,,,,,,,,,,,,,,,,,,,,,,,,,,,,,,,,,,,,,,,,,,,,,,,,,,,,,,,,,,,,,,,,,,,,,,,,,,,,,,,,,,,,,,,,,,,,,,,,,,,,"계 1236",,,,"면(100)",,"면(104)",,"계 1236",,,,"면(100)",,"면(104)",,"계 1234",,,,"면(100)",,"면(104)",,"계 1236",,,,"면(100)",,"면(104)",,,
,,,,,,,,,,,,,,,,,,,,,,,,,,,,,,,,,,,,,,,,,,,,,,,,,,,,,,,,,,,,,,,,,,,,,,,,,,,,,,,,,,,,,,,,,,,,,,,,,,,,,,,,,,,,,,,,,,,,,,,,,,,,,,,,,,,,,,,,,,,,,,,,,,,,,,,,,,,,,,,,,,,,,,,,,,,,,,,,,,,,,,,,,,,,,,,,,,,,,,,,,,,,,,,,,,,,,,,,,,,,,,"동(100)",,,,,,,,"동(99)",,,,,,,,"동(99)",,,,,,,,"동(99)",,,,,
,,,,,,,,,,,,,,,,,,,,,,,,,,,,,,,,,,,,,,,,,,,,,,,,,,,,,,,,,,,,,,,,,,,,,,,,,,,,,,,,,,,,,,,,,,,,,,,,,,,,,,,,,,,,,,,,,,,,,,,,,,,,,,,,,,,,,,,,,,,,,,,,,,,,,,,,,,,,,,,,,,,,,,,,,,,,,,,,,,,,,,,,,,,,,,,,,,,,,,,,,,,,,,,,,,,,,,,,,,,,,,,,,,,,,,,,,,,,,,,,,,,,,,,,,,,
,,,,,,,,,,,,,,,,,,,,,,,,,,,,,,,,,,,,,,,,,,,,,,,,,,,,,,,,,,,,,,,,,,,,,,,,,,,,,,,,,,,,,,,,,,,,,,,,,,,,,,,,,,,,,,,,,,,,,,,,,,,,,,,,,,,,,,,,,,,,,,,,,,,,,,,,,,,,,,,,,,,,,,,,,,,,,,,,,,,,,,,,,,,,,,,,,,,,,,,,,,,,,,,,,,,,,,,,,,,,"경남","시지역","읍(11)","군지역","읍(11)",,,,"경남","시지역","읍(11)","군지역","읍(11)",,,,"경남","시지역","읍(11)","군지역","읍(11)",,,,"경남","시지역","읍(11)","군지역","읍(11)",,,
,,,,,,,,,,,,,,,,,,,,,,,,,,,,,,,,,,,,,,,,,,,,,,,,,,,,,,,,,,,,,,,,,,,,,,,,,,,,,,,,,,,,,,,,,,,,,,,,,,,,,,,,,,,,,,,,,,,,,,,,,,,,,,,,,,,,,,,,,,,,,,,,,,,,,,,,,,,,,,,,,,,,,,,,,,,,,,,,,,,,,,,,,,,,,,,,,,,,,,,,,,,,,,,,,,,,,,,,,,,,,,"면(63)",,"면(114)",,,,,,"면(63)",,"면(114)",,,,,,"면(63)",,"면(114)",,,,,,"면(63)",,"면(114)",,,
,,,,,,,,,,,,,,,,,,,,,,,,,,,,,,,,,,,,,,,,,,,,,,,,,,,,,,,,,,,,,,,,,,,,,,,,,,,,,,,,,,,,,,,,,,,,,,,,,,,,,,,,,,,,,,,,,,,,,,,,,,,,,,,,,,,,,,,,,,,,,,,,,,,,,,,,,,,,,,,,,,,,,,,,,,,,,,,,,,,,,,,,,,,,,,,,,,,,,,,,,,,,,,,,,,,,,,,,,,,,,,"동(115)",,,,,,,,"동(115)",,,,,,,,"동(115)",,,,,,,,"동(115)",,,,,
,,,,,,,,,,,,,,,,,,,,,,,,,,,,,,,,,,,,,,,,,,,,,,,,,,,,,,,,,,,,,,,,,,,,,,,,,,,,,,,,,,,,,,,,,,,,,,,,,,,,,,,,,,,,,,,,,,,,,,,,,,,,,,,,,,,,,,,,,,,,,,,,,,,,,,,,,,,,,,,,,,,,,,,,,,,,,,,,,,,,,,,,,,,,,,,,,,,,,,,,,,,,,,,,,,,,,,,,,,,,,,,,,,,,,,,,,,,,,,,,,,,,,,,,,,,
,,,,,,,,,,,,,,,,,,,,,,,,,,,,,,,,,,,,,,,,,,,,,,,,,,,,,,,,,,,,,,,,,,,,,,,,,,,,,,,,,,,,,,,,,,,,,,,,,,,,,,,,,,,,,,,,,,,,,,,,,,,,,,,,,,,,,,,,,,,,,,,,,,,,,,,,,,,,,,,,,,,,,,,,,,,,,,,,,,,,,,,,,,,,,,,,,,,,,,,,,,,,,,,,,,,,,,,,,,,,"제주도","시지역","동(31)","군지역","읍(7)",,,,"제주도","시지역","동(31)","군지역","읍(7)",,,,"제주도","시지역","동(31)","군지역","읍(7)",,,,"제주도","시지역","동(31)","군지역","읍(7)",,,
,,,,,,,,,,,,,,,,,,,,,,,,,,,,,,,,,,,,,,,,,,,,,,,,,,,,,,,,,,,,,,,,,,,,,,,,,,,,,,,,,,,,,,,,,,,,,,,,,,,,,,,,,,,,,,,,,,,,,,,,,,,,,,,,,,,,,,,,,,,,,,,,,,,,,,,,,,,,,,,,,,,,,,,,,,,,,,,,,,,,,,,,,,,,,,,,,,,,,,,,,,,,,,,,,,,,,,,,,,,,,," ",,"면(5)",,,,,," ",,"면(5)",,,,,," ",,"면(5)",,,,,," ",,"면(5)",,,
,,,,,,,,,,,,,,,,,,,,,,,,,,,,,,,,,,,,,,,,,,,,,,,,,,,,,,,,,,,,,,,,,,,,,,,,,,,,,,,,,,,,,,,,,,,,,,,,,,,,,,,,,,,,,,,,,,,,,,,,,,,,,,,,,,,,,,,,,,,,,,,,,,,,,,,,,,,,,,,,,,,,,,,,,,,,,,,,,,,,,,,,,,,,,,,,,,,,,,,,,,,,,,,,,,,,,,,,,,,,,," ",,,,,,,," ",,,,,,,," ",,,,,,,," ",,,,,
,,,,,,,,,,,,,,,,,,,,,,,,,,,,,,,,,,,,,,,,,,,,,,,,,,,,,,,,,,,,,,,,,,,,,,,,,,,,,,,,,,,,,,,,,,,,,,,,,,,,,,,,,,,,,,,,,,,,,,,,,,,,,,,,,,,,,,,,,,,,,,,,,,,,,,,,,,,,,,,,,,,,,,,,,,,,,,,,,,,,,,,,,,,,,,,,,,,,,,,,,,,,,,,,,,,,,,,,,,,,,,,,,,,,,,,,,,,,,,,,,,,,,,,,,,,
,,,,,,,,,,,,,,,,,,,,,,,,,,,,,,,,,,,,,,,,,,,,,,,,,,,,,,,,,,,,,,,,,,,,,,,,,,,,,,,,,,,,,,,,,,,,,,,,,,,,,,,,,,,,,,,,,,,,,,,,,,,,,,,,,,,,,,,,,,,,,,,,,,,,,,,,,,,,,,,,,,,,,,,,,,,,,,,,,,,,,,,,,,,,,,,,,,,,,,,,,,,,,,,,,,,,,,,,,,,,,,,,,,,,,,,,,,,,,,,,,,,,,,,,,,,
,,,,,,,,,,,,,,,,,,,,,,,,,,,,,,,,,,,,,,,,,,,,,,,,,,,,,,,,,,,,,,,,,,,,,,,,,,,,,,,,,,,,,,,,,,,,,,,,,,,,,,,,,,,,,,,,,,,,,,,,,,,,,,,,,,,,,,,,,,,,,,,,,,,,,,,,,,,,,,,,,,,,,,,,,,,,,,,,,,,,,,,,,,,,,,,,,,,,,,,,,,,,,,,,,,,,,,,,,,,,"도지역","시부","읍(65)","군부","읍(121)",,,,"도지역","시부","읍(65)","군부","읍(122)",,,,"도지역","시부","읍(66)","군부","읍(123)",,,,"도지역","시부","읍(73)","군부","읍(121)",,,
,,,,,,,,,,,,,,,,,,,,,,,,,,,,,,,,,,,,,,,,,,,,,,,,,,,,,,,,,,,,,,,,,,,,,,,,,,,,,,,,,,,,,,,,,,,,,,,,,,,,,,,,,,,,,,,,,,,,,,,,,,,,,,,,,,,,,,,,,,,,,,,,,,,,,,,,,,,,,,,,,,,,,,,,,,,,,,,,,,,,,,,,,,,,,,,,,,,,,,,,,,,,,,,,,,,,,,,,,,,,,,"면(429)",,"면(758)",,,,,,"면(429)",,"면(757)",,,,,,"면(428)",,"면(756)",,,,,,"면(441)",,"면(735)",,,
,,,,,,,,,,,,,,,,,,,,,,,,,,,,,,,,,,,,,,,,,,,,,,,,,,,,,,,,,,,,,,,,,,,,,,,,,,,,,,,,,,,,,,,,,,,,,,,,,,,,,,,,,,,,,,,,,,,,,,,,,,,,,,,,,,,,,,,,,,,,,,,,,,,,,,,,,,,,,,,,,,,,,,,,,,,,,,,,,,,,,,,,,,,,,,,,,,,,,,,,,,,,,,,,,,,,,,,,,,,,,,"동(896)",,"계 879",,,,,,"동(896)",,"계 879",,,,,,"동(897)",,"계 879",,,,,,"동(907)",,"계 856",,,
,,,,,,,,,,,,,,,,,,,,,,,,,,,,,,,,,,,,,,,,,,,,,,,,,,,,,,,,,,,,,,,,,,,,,,,,,,,,,,,,,,,,,,,,,,,,,,,,,,,,,,,,,,,,,,,,,,,,,,,,,,,,,,,,,,,,,,,,,,,,,,,,,,,,,,,,,,,,,,,,,,,,,,,,,,,,,,,,,,,,,,,,,,,,,,,,,,,,,,,,,,,,,,,,,,,,,,,,,,,,,,"계 1390",,,,,,,,"계 1390",,,,,,,,"계 1391",,,,,,,,"계 1421",,,,,
,,,,,,,,,,,,,,,,,,,,,,,,,,,,,,,,,,,,,,,,,,,,,,,,,,,,,,,,,,,,,,,,,,,,,,,,,,,,,,,,,,,,,,,,,,,,,,,,,,,,,,,,,,,,,,,,,,,,,,,,,,,,,,,,,,,,,,,,,,,,,,,,,,,,,,,,,,,,,,,,,,,,,,,,,,,,,,,,,,,,,,,,,,,,,,,,,,,,,,,,,,,,,,,,,,,,,,,,,,,,,,,,,,,,,,,,,,,,,,,,,"변경내역:읍(+2), 면(-2), 동(+1)",,,,,,,,,,
,,,,,,,,,,,,,,,,,,,,,,,,,,,,,,,,,,,,,,,,,,,,,,,,,,,,,,,,,,,,,,,,,,,,,,,,,,,,,,,,,,,,,,,,,,,,,,,,,,,,,,,,,,,,,,,,,,,,,,,,,,,,,,,,,,,,,,,,,,,,,,,,,,,,,,,,,,,,,,,,,,,,,,,,,,,,,,,,,,,,,,,,,,,,,,,,,,,,,,,,,,,,,,,,,,,,,,,,,,,,,,,,,,,,,,,,,,,,,,"* 도의 구(비자치구)는 집계에서 제외",,,"* 도의 구(비자치구)는 집계에서 제외",,,,,,,,,,
,,,,,,,,,,,,,,,,,,,,,,,,,,,,,,,,,,,,,,,,,,,,,,,,,,,,,,,,,,,,,,,,,,,,,,,,,,,,,,,,,,,,,,,,,,,,,,,,,,,,,,,,,,,,,,,,,,,,,,,,,,,,,,,,,,,,,,,,,,,,,,,,,,,,,,,,,,,,,,,,,,,,,,,,,,,,,,,,,,,,,,,,,,,,,,,,,,,,,,,,,,,,,,,,,,,,,,,,,,,,,,,,,,,,,,,,,,,,,,"* 시군구수:시군구급의 출장소 2곳 포함(충북증평출장소, 충남계룡출장소)",,,"* 시군구수:시군구급의 출장소 2곳 포함(충북증평출장소, 충남계룡출장소)",,,,,,,,,,
